Model,Accuracy,Precision,Recall,F1 Score
Logistic Regression,0.7991483321504613,0.6426332288401254,0.5481283422459893,0.5916305916305916
Random Forest,0.7906316536550745,0.6338983050847458,0.5,0.5590433482810164
Naive Bayes,0.7466288147622427,0.5160075329566854,0.732620320855615,0.605524861878453
KNN,0.7423704755145494,0.5150684931506849,0.5026737967914439,0.5087956698240866
Decision Tree,0.7295954577714692,0.4910941475826972,0.516042780748663,0.5032594524119948
